<?xml version="1.0"?>
<heirarchy version="1.0"?>
 <node name="http://springie.com/models/charged">
  <leaf name="soccer.spr" desc="Soccer ball"/>
  <leaf name="hexahelix_short.spr" desc="Hexahelix (short)"/>
  <leaf name="hexahelix_torus.spr" desc="Hexahelix (torus)"/>
  <leaf name="jitterbug.spr" desc="Jitterbug"/>
  <leaf name="charge_supported_cube.spr" desc="Cube"/>
  <leaf name="charge_supported_icosahedron.spr" desc="Icosahedron"/>
  <leaf name="charge_supported_octahedron.spr" desc="Octahedron"/>
  <leaf name="dodecahedron.spr" desc="Dodecahedron"/>
  <leaf name="dodecahedron_wobbly.spr" desc="Dodecahedron (wobbly)"/>
  <leaf name="icosahedron_balloon.spr" desc="Icosahedron (balloon)"/>
  <leaf name="ico_star.spr" desc="Icosahedron (star)"/>
  <leaf name="tetrahedron.spr" desc="Tetrahedron"/>
  <leaf name="quadrahelix.spr" desc="Quadrahelix (short)"/>
  <leaf name="fullerene_tube.spr" desc="Fullerene Tube"/>
  <leaf name="tetrahelix_circle.spr" desc="Tetrahelix Circle"/>
  <leaf name="hexagonal_hexahelix.spr" desc="Hexagonal hexahelix"/>
 </node>
</heirarchy>
