<?xml version="1.0"?>
<heirarchy version="1.0"?>
 <node name="http://springie.com/models/gallery">
  <leaf name="asm_2_2.spr" desc="ASM"/>
  <leaf name="asm_2_2_modified.spr" desc="ASM modified"/>
  <leaf name="eden_2_2.spr" desc="Eden"/>
  <leaf name="geodesic_2_2.spr" desc="Geodesic"/>
  <leaf name="goldberg_2_2.spr" desc="Goldberg"/>
  <leaf name="great_circle_2_2.spr" desc="Great circle"/>
  <leaf name="hexagonal_hexahelix.spr" desc="Hexahelix"/>
  <leaf name="honeycomb_2_2_2_layer_1.spr" desc="Honeycomb 1"/>
  <leaf name="honeycomb_2_2_2_layer_2.spr" desc="Honeycomb 2"/>
  <leaf name="honeycomb_2_2_3_layer.spr" desc="Honeycomb 3"/>
  <leaf name="honeycomb_2_2_fine_inside.spr" desc="Honeycomb (fine inside)"/>
  <leaf name="honeycomb_2_2_sparse_middle_layer.spr" desc="Honeycomb (sparse middle layer)"/>
  <leaf name="honeycomb_triaxial_2_2.spr" desc="Honeycomb triaxial"/>
  <leaf name="honeycomb_triaxial_2_2_uniform.spr" desc="Honeycomb triaxial (uniform)"/>
  <leaf name="icosahedron.spr" desc="Stellated icosahedron"/>
  <leaf name="missing_links_2_2.spr" desc="Missing links"/>
  <leaf name="montreal_2_2.spr" desc="Montreal"/>
  <leaf name="moscow_2_2.spr" desc="Moscow"/>
  <leaf name="simple_2_2.spr" desc="Simple geodesic"/>
  <leaf name="sphere_120.spr" desc="Tensegrity sphere"/>
  <leaf name="tetrahelix_with_centre_spine_2.spr" desc="Tetrahelix with spine"/>
  <leaf name="triaxial_2_2.spr" desc="Simple triaxial"/>
  <leaf name="triaxial_stabilised_2_2.spr" desc="Triaxial (stabilised)"/>
  <leaf name="triaxial_stabilised_small_2_2.spr" desc="Triaxial (wobbly)"/>
  <leaf name="twin_hex_2_2_a.spr" desc="Twin hex A"/>
  <leaf name="twin_hex_2_2.spr" desc="Twin hex B"/>
  <leaf name="twin_hex_2_2_c.spr" desc="Twin hex C"/>
 </node>
</heirarchy>
