<?xml version="1.0"?>
<heirarchy version="1.0"?>
 <node name="http://springie.com/models/geodesic">
  <leaf name="geodesic_0_2.off" desc="Geodesic (0,2)"/>
  <leaf name="geodesic_0_3.off" desc="Geodesic (0,3)"/>
  <leaf name="geodesic_0_4.off" desc="Geodesic (0,4)"/>
  <leaf name="geodesic_0_5.off" desc="Geodesic (0,5)"/>
  <leaf name="geodesic_1_2.off" desc="Geodesic (1,2)"/>
  <leaf name="geodesic_1_3.off" desc="Geodesic (1,3)"/>
  <leaf name="geodesic_1_4.off" desc="Geodesic (1,4)"/>
  <leaf name="geodesic_2_2.off" desc="Geodesic (2,2)"/>
  <leaf name="geodesic_2_3.off" desc="Geodesic (2,3)"/>
  <leaf name="geodesic_2_4.off" desc="Geodesic (2,4)"/>
  <leaf name="geodesic_3_3.off" desc="Geodesic (3,3)"/>
  <leaf name="geodesic_3_4.off" desc="Geodesic (3,4)"/>
  <leaf name="geodesic_4_4.off" desc="Geodesic (4,4)"/>
  <leaf name="geodesic_5_5.off" desc="Geodesic (5,5)"/>
 </node>
</heirarchy>
