<?xml version="1.0"?>
<heirarchy version="1.0"?>
 <node name="http://springie.com/models/hexagonal">
  <leaf name="development_frame_40.spr" desc="Development framework (40)"/>
  <leaf name="disney_1.spr" desc="Disney (1)"/>
  <leaf name="disney_1_skin2.spr" desc="Disney (2)"/>
  <leaf name="dodecahedron_stabilised.spr" desc="Dodecahedron (stabilised)"/>
  <leaf name="dodecahedron_triaxial.spr" desc="Dodecahedron (triaxial)"/>
  <leaf name="dodecahedron_triaxial_frame.spr" desc="Dodecahedron 2 (triaxial)"/>
  <leaf name="eden_2_12.spr" desc="Eden 2 (12)"/>
  <leaf name="eden_2_32.spr" desc="Eden 2 (32)"/>
  <leaf name="eden_32.spr" desc="Eden (32)"/>
  <leaf name="eden_40.spr" desc="Eden (40)"/>
  <leaf name="expo_32.spr" desc="Expo (32)"/>
  <leaf name="expo_40.spr" desc="Expo (40)"/>
  <leaf name="hex_in_12.spr" desc="Hex in (12)"/>
  <leaf name="hex_out_12.spr" desc="Hex out (12)"/>
  <leaf name="moscow.spr" desc="Moscow"/>
  <leaf name="moscow_loose.spr" desc="Moscow (loose)"/>
  <leaf name="triaxial_in_32.spr" desc="Triaxial in (32)"/>
  <leaf name="suprisingly_stable_32.spr" desc="Suprisingly Stable"/>
  <leaf name="asm_12.spr" desc="ASM (12)"/>
  <leaf name="asm_32a.spr" desc="ASM (32)a"/>
  <leaf name="asm_32b.spr" desc="ASM (32)b"/>
  <leaf name="asm_32c.spr" desc="ASM (32)c"/>
  <leaf name="asm_32_extra.spr" desc="ASM (32)d"/>
 </node>
</heirarchy>
