<?xml version="1.0"?>
<heirarchy version="1.0">
 <node name="resource:/">
  <node name="index">
   <leaf name="presets.xml" desc="Presets"/>
   <leaf name="charged.xml" desc="Charged"/>
   <leaf name="hexagonal.xml" desc="Hexagonal"/>
   <leaf name="geodesic.xml" desc="Geodesic"/>
   <leaf name="primitives.xml" desc="Primitives"/>
   <leaf name="gallery.xml" desc="Gallery"/>
   <leaf name="stellated.xml" desc="Stellated"/>
   <leaf name="tetrahedral.xml" desc="Tetrahedral"/>
   <leaf name="wobbly.xml" desc="Wobbly"/>
   <leaf name="miscellaneous.xml" desc="Miscellaneous"/>
  </node>
 </node>
</heirarchy>
